{"cameraMode":{"drawMode":0,"name":"Shaded","section":"Shading Mode"},"sceneLighting":false,"audioPlay":false,"sceneViewState":{"showFog":true,"showMaterialUpdate":false,"showSkybox":false,"showFlares":true,"showImageEffects":true,"showParticleSystems":true},"in2DMode":false,"pivot":{"x":-0.20719154179096223,"y":1.103326439857483,"z":-0.3099212646484375},"rotation":{"x":-0.047160178422927859,"y":0.9358203411102295,"z":-0.13742995262145997,"w":-0.32113736867904665},"size":0.628578782081604,"orthographic":false}