{"cameraMode":{"drawMode":0,"name":"Shaded","section":"Shading Mode"},"sceneLighting":true,"audioPlay":false,"sceneViewState":{"showFog":true,"showMaterialUpdate":false,"showSkybox":true,"showFlares":true,"showImageEffects":true,"showParticleSystems":true},"in2DMode":false,"pivot":{"x":0.8285346031188965,"y":-0.8980504274368286,"z":10.15976333618164},"rotation":{"x":-0.0563695915043354,"y":0.0047337356954813,"z":-0.0002671829715836793,"w":-0.9983987212181091},"size":13.575552940368653,"orthographic":false}