{"cameraMode":{"drawMode":0,"name":"Shaded","section":"Shading Mode"},"sceneLighting":true,"audioPlay":false,"sceneViewState":{"showFog":true,"showMaterialUpdate":false,"showSkybox":true,"showFlares":true,"showImageEffects":true,"showParticleSystems":true},"in2DMode":false,"pivot":{"x":-0.12179148197174072,"y":0.0603918731212616,"z":-0.11239108443260193},"rotation":{"x":0.31879594922065737,"y":0.361968070268631,"z":-0.13328228890895844,"w":0.8657853007316589},"size":0.6073950529098511,"orthographic":false}